[{"model": "api.customuser", "fields": {"password": "pbkdf2_sha256$1000000$zsZNw7sgXb0JSdnzmLC6AN$UlN1/47vBpzLE9E9QQZ7VVvkfTFQG/Z7meTu14maf2E=", "last_login": "2025-08-21T16:42:11.646Z", "is_superuser": true, "username": "manoj", "first_name": "", "last_name": "", "email": "mk@gmail.com", "is_staff": true, "is_active": true, "date_joined": "2025-08-19T08:04:24.934Z", "profile_photo": "", "bio": "", "groups": [], "user_permissions": []}}, {"model": "api.customuser", "fields": {"password": "pbkdf2_sha256$1000000$MM4lbcKKEn1g4nfdY3ft3b$LsqEADipHclln/H4SqE5C8VUquCpvbfPupRSxA7Z7gY=", "last_login": null, "is_superuser": false, "username": "Williams", "first_name": "", "last_name": "", "email": "Williams@gmail.com", "is_staff": false, "is_active": true, "date_joined": "2025-08-27T05:26:56.336Z", "profile_photo": "https://res.cloudinary.com/dapiakf5e/image/upload/v1756274738/profile/egnrjnw9q0qd2m8dhpdn.jpg", "bio": "Born Introvert", "groups": [], "user_permissions": []}}, {"model": "api.customuser", "fields": {"password": "pbkdf2_sha256$1000000$bGwaDhKEmRvSdlVZP5ATPN$EcRQ8vZzCyXs/3bp6HFiWOQg05GbyZCJxKY9R8jToKQ=", "last_login": null, "is_superuser": false, "username": "Shiva", "first_name": "", "last_name": "", "email": "Shiva@gmai.com", "is_staff": false, "is_active": true, "date_joined": "2025-08-27T05:50:57.806Z", "profile_photo": "https://res.cloudinary.com/dapiakf5e/image/upload/v1756273856/profile/y8swfvtauh1x1kuo9pcl.jpg", "bio": "Belive In God", "groups": [], "user_permissions": []}}, {"model": "api.customuser", "fields": {"password": "pbkdf2_sha256$1000000$po8dkg58irLdiEifHjS5gy$FYo+E1/zkHvih4UoP4FP2Fh93R8oyAjlL/fU3iz4+Ak=", "last_login": null, "is_superuser": false, "username": "Manoj", "first_name": "", "last_name": "", "email": "mk@gmai.com", "is_staff": false, "is_active": true, "date_joined": "2025-08-27T06:07:07.852Z", "profile_photo": "https://res.cloudinary.com/dapiakf5e/image/upload/v1756274827/profile/q2ns6hgecntj8lblfy28.jpg", "bio": "Belive In God and do your Work.", "groups": [], "user_permissions": []}}, {"model": "api.customuser", "fields": {"password": "pbkdf2_sha256$1000000$UqZRAqQpS9QqKsyldUDau0$4W1lxlIxN0UCfKIohztqMYzZmKBetSs5UCDXjuoGlUk=", "last_login": null, "is_superuser": false, "username": "Andrew", "first_name": "", "last_name": "", "email": "andrew@gmail.com", "is_staff": false, "is_active": true, "date_joined": "2025-08-27T06:12:11.999Z", "profile_photo": "", "bio": "", "groups": [], "user_permissions": []}}, {"model": "api.customuser", "fields": {"password": "pbkdf2_sha256$1000000$A14cqVlUmEFlejMgYkDxSd$5s8C3TNFLaz97OjVQ+lylzPYSKZw62+ijBt3yI2i+d0=", "last_login": null, "is_superuser": false, "username": "Samantha", "first_name": "", "last_name": "", "email": "sam@gmail.com", "is_staff": false, "is_active": true, "date_joined": "2025-08-27T06:24:44.008Z", "profile_photo": "https://res.cloudinary.com/dapiakf5e/image/upload/v1756276140/profile/daagpseeth2ypfyslslw.jpg", "bio": "Actress", "groups": [], "user_permissions": []}}, {"model": "api.customuser", "fields": {"password": "pbkdf2_sha256$1000000$dwWNa53upS37Lt44erS2kU$S1woVb5IqVQ3GjPqfW3gIhH9TvSNTL3qPTfDHBqnM3o=", "last_login": null, "is_superuser": false, "username": "Ramu_P", "first_name": "", "last_name": "", "email": "Ram@gmail.com", "is_staff": false, "is_active": true, "date_joined": "2025-08-27T06:42:33.214Z", "profile_photo": "", "bio": "", "groups": [], "user_permissions": []}}, {"model": "api.post", "pk": 8, "fields": {"caption": "Sunset vibes 🌅", "image": "https://res.cloudinary.com/dapiakf5e/image/upload/v1756274473/posts/guhtkt6rdfzsrjgcaxhq.jpg", "text": "Watched the sun melt into the horizon today. The sky turned shades of orange, pink, and purple, reminding me how beautiful endings can be. Sometimes we just need to pause, breathe, and appreciate simple moments like these.", "author": ["Shiva"], "created_at": "2025-08-27T06:01:13.745Z"}}, {"model": "api.post", "pk": 9, "fields": {"caption": "Coffee first ☕", "image": "https://res.cloudinary.com/dapiakf5e/image/upload/v1756274637/posts/z5hr063mudh1cvp4kuk5.jpg", "text": "There’s something magical about starting the day with a hot cup of coffee.", "author": ["Williams"], "created_at": "2025-08-27T06:03:58.302Z"}}, {"model": "api.post", "pk": 10, "fields": {"caption": "Work in progress 💻", "image": "https://res.cloudinary.com/dapiakf5e/image/upload/v1756275035/posts/x7du29dzokgc6sqnwihv.jpg", "text": "Coding all night long isn’t easy, but the sense of achievement when things finally work makes it worthwhile. Debugging feels frustrating at times, yet every solved error is a little victory.", "author": ["Manoj"], "created_at": "2025-08-27T06:10:35.938Z"}}, {"model": "api.post", "pk": 11, "fields": {"caption": "Weekend getaway 🚗", "image": "https://res.cloudinary.com/dapiakf5e/image/upload/v1756275252/posts/mfjymyg9vjixspbex5g7.jpg", "text": "Escaped the city chaos for a quick road trip. Fresh air, empty roads, and endless fields were a refreshing change. Traveling doesn’t always mean going far—it’s about experiencing something new.", "author": ["Andrew"], "created_at": "2025-08-27T06:14:13.547Z"}}, {"model": "api.post", "pk": 12, "fields": {"caption": "Just Enjoy", "image": "https://res.cloudinary.com/dapiakf5e/image/upload/v1756276235/posts/scsit7rzuledbps4fzmr.jpg", "text": "..............", "author": ["Samantha"], "created_at": "2025-08-27T06:30:36.095Z"}}, {"model": "api.post", "pk": 13, "fields": {"caption": "YUMMY!!!!!", "image": "https://res.cloudinary.com/dapiakf5e/image/upload/v1756277058/posts/nwyimprexrrjguie2oln.jpg", "text": "Ordered pizza tonight, and honestly, nothing beats the comfort of cheesy, warm food after a long day. Food isn’t just about taste—it’s about the happiness it brings.", "author": ["Ramu_P"], "created_at": "2025-08-27T06:44:19.079Z"}}, {"model": "api.likes", "pk": 73, "fields": {"post": 8, "user": ["Shiva"]}}, {"model": "api.likes", "pk": 74, "fields": {"post": 9, "user": ["Williams"]}}, {"model": "api.likes", "pk": 75, "fields": {"post": 8, "user": ["Williams"]}}, {"model": "api.likes", "pk": 76, "fields": {"post": 8, "user": ["Manoj"]}}, {"model": "api.likes", "pk": 77, "fields": {"post": 9, "user": ["Manoj"]}}, {"model": "api.likes", "pk": 78, "fields": {"post": 10, "user": ["Manoj"]}}, {"model": "api.likes", "pk": 79, "fields": {"post": 10, "user": ["Andrew"]}}, {"model": "api.likes", "pk": 80, "fields": {"post": 11, "user": ["Andrew"]}}, {"model": "api.likes", "pk": 81, "fields": {"post": 8, "user": ["Andrew"]}}, {"model": "api.likes", "pk": 82, "fields": {"post": 9, "user": ["Andrew"]}}, {"model": "api.likes", "pk": 83, "fields": {"post": 12, "user": ["Samantha"]}}, {"model": "api.likes", "pk": 84, "fields": {"post": 10, "user": ["Samantha"]}}, {"model": "api.likes", "pk": 85, "fields": {"post": 9, "user": ["Samantha"]}}, {"model": "api.likes", "pk": 86, "fields": {"post": 8, "user": ["Samantha"]}}, {"model": "api.likes", "pk": 87, "fields": {"post": 11, "user": ["Samantha"]}}, {"model": "api.likes", "pk": 88, "fields": {"post": 13, "user": ["Ramu_P"]}}, {"model": "api.likes", "pk": 89, "fields": {"post": 12, "user": ["Ramu_P"]}}, {"model": "api.likes", "pk": 90, "fields": {"post": 11, "user": ["Ramu_P"]}}, {"model": "api.likes", "pk": 91, "fields": {"post": 10, "user": ["Ramu_P"]}}, {"model": "api.likes", "pk": 92, "fields": {"post": 9, "user": ["Ramu_P"]}}, {"model": "api.likes", "pk": 93, "fields": {"post": 12, "user": ["Manoj"]}}, {"model": "api.likes", "pk": 94, "fields": {"post": 11, "user": ["Manoj"]}}, {"model": "api.likes", "pk": 96, "fields": {"post": 13, "user": ["Manoj"]}}, {"model": "api.friends", "pk": 51, "fields": {"follower": ["Williams"], "followed": ["manoj"]}}, {"model": "api.friends", "pk": 52, "fields": {"follower": ["Shiva"], "followed": ["Williams"]}}, {"model": "api.friends", "pk": 53, "fields": {"follower": ["Williams"], "followed": ["Shiva"]}}, {"model": "api.friends", "pk": 54, "fields": {"follower": ["Manoj"], "followed": ["Williams"]}}, {"model": "api.friends", "pk": 55, "fields": {"follower": ["Andrew"], "followed": ["Williams"]}}, {"model": "api.friends", "pk": 56, "fields": {"follower": ["Andrew"], "followed": ["Manoj"]}}, {"model": "api.friends", "pk": 57, "fields": {"follower": ["Andrew"], "followed": ["Shiva"]}}, {"model": "api.friends", "pk": 58, "fields": {"follower": ["Samantha"], "followed": ["Manoj"]}}, {"model": "api.friends", "pk": 59, "fields": {"follower": ["Ramu_P"], "followed": ["Samantha"]}}, {"model": "api.friends", "pk": 60, "fields": {"follower": ["Ramu_P"], "followed": ["Andrew"]}}, {"model": "api.friends", "pk": 62, "fields": {"follower": ["Ramu_P"], "followed": ["Manoj"]}}, {"model": "api.friends", "pk": 63, "fields": {"follower": ["Manoj"], "followed": ["Samantha"]}}, {"model": "api.friends", "pk": 64, "fields": {"follower": ["Manoj"], "followed": ["Shiva"]}}, {"model": "api.comments", "pk": 9, "fields": {"post": 8, "user": ["Williams"], "text": "Superb...."}}, {"model": "api.comments", "pk": 10, "fields": {"post": 9, "user": ["Manoj"], "text": "Yeah i too love coffee"}}, {"model": "api.comments", "pk": 11, "fields": {"post": 9, "user": ["Andrew"], "text": "Great"}}, {"model": "api.comments", "pk": 12, "fields": {"post": 10, "user": ["Samantha"], "text": "Great Manoj"}}, {"model": "api.comments", "pk": 13, "fields": {"post": 11, "user": ["Ramu_P"], "text": "Nice"}}, {"model": "api.comments", "pk": 14, "fields": {"post": 12, "user": ["Manoj"], "text": "Cute"}}, {"model": "api.comments", "pk": 15, "fields": {"post": 13, "user": ["Manoj"], "text": "Yummy"}}]