[{"model": "admin.logentry", "pk": 1, "fields": {"action_time": "2025-08-20T04:16:00.698Z", "user": 1, "content_type": 6, "object_id": "3", "object_repr": "manojkkk", "action_flag": 3, "change_message": ""}}, {"model": "admin.logentry", "pk": 2, "fields": {"action_time": "2025-08-20T04:16:09.883Z", "user": 1, "content_type": 6, "object_id": "2", "object_repr": "manojkk", "action_flag": 3, "change_message": ""}}, {"model": "admin.logentry", "pk": 3, "fields": {"action_time": "2025-08-21T05:52:41.186Z", "user": 1, "content_type": 6, "object_id": "4", "object_repr": "manojkkk", "action_flag": 3, "change_message": ""}}, {"model": "admin.logentry", "pk": 4, "fields": {"action_time": "2025-08-21T06:08:50.645Z", "user": 1, "content_type": 6, "object_id": "5", "object_repr": "ManojKumar", "action_flag": 3, "change_message": ""}}, {"model": "admin.logentry", "pk": 5, "fields": {"action_time": "2025-08-21T06:08:57.092Z", "user": 1, "content_type": 6, "object_id": "6", "object_repr": "kkkhhhhhhh", "action_flag": 3, "change_message": ""}}, {"model": "admin.logentry", "pk": 6, "fields": {"action_time": "2025-08-21T06:09:04.402Z", "user": 1, "content_type": 6, "object_id": "7", "object_repr": "manojkumar", "action_flag": 3, "change_message": ""}}, {"model": "admin.logentry", "pk": 7, "fields": {"action_time": "2025-08-23T17:46:12.351Z", "user": 1, "content_type": 7, "object_id": "3", "object_repr": "ppppppppppp by manoj", "action_flag": 3, "change_message": ""}}, {"model": "admin.logentry", "pk": 8, "fields": {"action_time": "2025-08-23T17:46:18.087Z", "user": 1, "content_type": 7, "object_id": "2", "object_repr": "poih by manoj", "action_flag": 3, "change_message": ""}}, {"model": "admin.logentry", "pk": 9, "fields": {"action_time": "2025-08-23T17:46:23.620Z", "user": 1, "content_type": 7, "object_id": "1", "object_repr": "aslqal by manoj", "action_flag": 3, "change_message": ""}}, {"model": "admin.logentry", "pk": 10, "fields": {"action_time": "2025-08-24T17:04:00.367Z", "user": 1, "content_type": 8, "object_id": "13", "object_repr": "Likes object (13)", "action_flag": 3, "change_message": ""}}, {"model": "admin.logentry", "pk": 11, "fields": {"action_time": "2025-08-24T17:04:06.042Z", "user": 1, "content_type": 8, "object_id": "12", "object_repr": "Likes object (12)", "action_flag": 3, "change_message": ""}}, {"model": "admin.logentry", "pk": 12, "fields": {"action_time": "2025-08-24T17:04:11.005Z", "user": 1, "content_type": 8, "object_id": "7", "object_repr": "Likes object (7)", "action_flag": 3, "change_message": ""}}, {"model": "admin.logentry", "pk": 13, "fields": {"action_time": "2025-08-24T18:28:44.506Z", "user": 1, "content_type": 7, "object_id": "9", "object_repr": "lkkkk by ManojKumar", "action_flag": 3, "change_message": ""}}, {"model": "admin.logentry", "pk": 14, "fields": {"action_time": "2025-08-24T18:28:50.509Z", "user": 1, "content_type": 7, "object_id": "8", "object_repr": "lkkkk by ManojKumar", "action_flag": 3, "change_message": ""}}, {"model": "admin.logentry", "pk": 15, "fields": {"action_time": "2025-08-24T18:28:57.325Z", "user": 1, "content_type": 7, "object_id": "7", "object_repr": "My First Post by ManojKumar", "action_flag": 3, "change_message": ""}}, {"model": "admin.logentry", "pk": 16, "fields": {"action_time": "2025-08-24T18:29:02.867Z", "user": 1, "content_type": 7, "object_id": "6", "object_repr": "second post by manoj", "action_flag": 3, "change_message": ""}}, {"model": "admin.logentry", "pk": 17, "fields": {"action_time": "2025-08-24T18:29:08.065Z", "user": 1, "content_type": 7, "object_id": "5", "object_repr": "First Post by manoj", "action_flag": 3, "change_message": ""}}, {"model": "admin.logentry", "pk": 18, "fields": {"action_time": "2025-08-24T18:29:13.447Z", "user": 1, "content_type": 7, "object_id": "4", "object_repr": "First Post by manoj", "action_flag": 3, "change_message": ""}}, {"model": "admin.logentry", "pk": 19, "fields": {"action_time": "2025-08-25T11:21:20.679Z", "user": 1, "content_type": 9, "object_id": "8", "object_repr": "Shiva → ManojKumar", "action_flag": 3, "change_message": ""}}, {"model": "admin.logentry", "pk": 20, "fields": {"action_time": "2025-08-25T11:21:25.195Z", "user": 1, "content_type": 9, "object_id": "7", "object_repr": "Shiva → Manojk", "action_flag": 3, "change_message": ""}}, {"model": "admin.logentry", "pk": 21, "fields": {"action_time": "2025-08-25T11:21:28.763Z", "user": 1, "content_type": 9, "object_id": "6", "object_repr": "Shiva → Manoj", "action_flag": 3, "change_message": ""}}, {"model": "admin.logentry", "pk": 22, "fields": {"action_time": "2025-08-25T11:21:32.299Z", "user": 1, "content_type": 9, "object_id": "4", "object_repr": "Shiva → manoj", "action_flag": 3, "change_message": ""}}, {"model": "admin.logentry", "pk": 23, "fields": {"action_time": "2025-08-25T11:43:51.684Z", "user": 1, "content_type": 9, "object_id": "14", "object_repr": "Shiva → Manoj", "action_flag": 3, "change_message": ""}}, {"model": "admin.logentry", "pk": 24, "fields": {"action_time": "2025-08-25T11:43:55.599Z", "user": 1, "content_type": 9, "object_id": "13", "object_repr": "Shiva → manoj", "action_flag": 3, "change_message": ""}}, {"model": "admin.logentry", "pk": 25, "fields": {"action_time": "2025-08-25T11:43:59.263Z", "user": 1, "content_type": 9, "object_id": "12", "object_repr": "Shiva → ManojKumar", "action_flag": 3, "change_message": ""}}, {"model": "admin.logentry", "pk": 26, "fields": {"action_time": "2025-08-25T11:52:40.369Z", "user": 1, "content_type": 9, "object_id": "22", "object_repr": "ManojKumar → Shiva", "action_flag": 3, "change_message": ""}}, {"model": "admin.logentry", "pk": 27, "fields": {"action_time": "2025-08-25T11:52:44.231Z", "user": 1, "content_type": 9, "object_id": "21", "object_repr": "ManojKumar → Manoj", "action_flag": 3, "change_message": ""}}, {"model": "admin.logentry", "pk": 28, "fields": {"action_time": "2025-08-25T11:52:47.870Z", "user": 1, "content_type": 9, "object_id": "20", "object_repr": "ManojKumar → Manojk", "action_flag": 3, "change_message": ""}}, {"model": "admin.logentry", "pk": 29, "fields": {"action_time": "2025-08-25T11:52:51.251Z", "user": 1, "content_type": 9, "object_id": "19", "object_repr": "ManojKumar → manoj", "action_flag": 3, "change_message": ""}}, {"model": "admin.logentry", "pk": 30, "fields": {"action_time": "2025-08-25T11:52:54.716Z", "user": 1, "content_type": 9, "object_id": "18", "object_repr": "Shiva → Manojk", "action_flag": 3, "change_message": ""}}, {"model": "admin.logentry", "pk": 31, "fields": {"action_time": "2025-08-25T11:52:57.830Z", "user": 1, "content_type": 9, "object_id": "17", "object_repr": "Shiva → Manoj", "action_flag": 3, "change_message": ""}}, {"model": "admin.logentry", "pk": 32, "fields": {"action_time": "2025-08-25T11:53:01.412Z", "user": 1, "content_type": 9, "object_id": "16", "object_repr": "Shiva → manoj", "action_flag": 3, "change_message": ""}}, {"model": "admin.logentry", "pk": 33, "fields": {"action_time": "2025-08-25T11:53:05.453Z", "user": 1, "content_type": 9, "object_id": "15", "object_repr": "Shiva → ManojKumar", "action_flag": 3, "change_message": ""}}, {"model": "admin.logentry", "pk": 34, "fields": {"action_time": "2025-08-27T04:52:42.747Z", "user": 1, "content_type": 6, "object_id": "10", "object_repr": "ManojKumarr", "action_flag": 3, "change_message": ""}}, {"model": "admin.logentry", "pk": 35, "fields": {"action_time": "2025-08-27T04:52:51.088Z", "user": 1, "content_type": 6, "object_id": "11", "object_repr": "Shiva", "action_flag": 3, "change_message": ""}}, {"model": "admin.logentry", "pk": 36, "fields": {"action_time": "2025-08-27T04:52:59.866Z", "user": 1, "content_type": 6, "object_id": "9", "object_repr": "Manojk", "action_flag": 3, "change_message": ""}}, {"model": "admin.logentry", "pk": 37, "fields": {"action_time": "2025-08-27T04:53:09.296Z", "user": 1, "content_type": 6, "object_id": "8", "object_repr": "Manoj", "action_flag": 3, "change_message": ""}}, {"model": "admin.logentry", "pk": 38, "fields": {"action_time": "2025-08-27T06:23:47.350Z", "user": 1, "content_type": 6, "object_id": "16", "object_repr": "Samantha", "action_flag": 3, "change_message": ""}}, {"model": "admin.logentry", "pk": 39, "fields": {"action_time": "2025-08-27T10:03:26.973Z", "user": 1, "content_type": 6, "object_id": "19", "object_repr": "temp123", "action_flag": 3, "change_message": ""}}, {"model": "admin.logentry", "pk": 40, "fields": {"action_time": "2025-08-27T10:03:44.676Z", "user": 1, "content_type": 6, "object_id": "20", "object_repr": "Temp2", "action_flag": 3, "change_message": ""}}, {"model": "admin.logentry", "pk": 41, "fields": {"action_time": "2025-08-27T10:04:14.983Z", "user": 1, "content_type": 7, "object_id": "16", "object_repr": "d by Manoj", "action_flag": 3, "change_message": ""}}, {"model": "admin.logentry", "pk": 42, "fields": {"action_time": "2025-08-27T10:04:25.082Z", "user": 1, "content_type": 7, "object_id": "14", "object_repr": "wwwwwwwww by Manoj", "action_flag": 3, "change_message": ""}}, {"model": "auth.permission", "pk": 1, "fields": {"name": "Can add log entry", "content_type": 1, "codename": "add_logentry"}}, {"model": "auth.permission", "pk": 2, "fields": {"name": "Can change log entry", "content_type": 1, "codename": "change_logentry"}}, {"model": "auth.permission", "pk": 3, "fields": {"name": "Can delete log entry", "content_type": 1, "codename": "delete_logentry"}}, {"model": "auth.permission", "pk": 4, "fields": {"name": "Can view log entry", "content_type": 1, "codename": "view_logentry"}}, {"model": "auth.permission", "pk": 5, "fields": {"name": "Can add permission", "content_type": 2, "codename": "add_permission"}}, {"model": "auth.permission", "pk": 6, "fields": {"name": "Can change permission", "content_type": 2, "codename": "change_permission"}}, {"model": "auth.permission", "pk": 7, "fields": {"name": "Can delete permission", "content_type": 2, "codename": "delete_permission"}}, {"model": "auth.permission", "pk": 8, "fields": {"name": "Can view permission", "content_type": 2, "codename": "view_permission"}}, {"model": "auth.permission", "pk": 9, "fields": {"name": "Can add group", "content_type": 3, "codename": "add_group"}}, {"model": "auth.permission", "pk": 10, "fields": {"name": "Can change group", "content_type": 3, "codename": "change_group"}}, {"model": "auth.permission", "pk": 11, "fields": {"name": "Can delete group", "content_type": 3, "codename": "delete_group"}}, {"model": "auth.permission", "pk": 12, "fields": {"name": "Can view group", "content_type": 3, "codename": "view_group"}}, {"model": "auth.permission", "pk": 13, "fields": {"name": "Can add content type", "content_type": 4, "codename": "add_contenttype"}}, {"model": "auth.permission", "pk": 14, "fields": {"name": "Can change content type", "content_type": 4, "codename": "change_contenttype"}}, {"model": "auth.permission", "pk": 15, "fields": {"name": "Can delete content type", "content_type": 4, "codename": "delete_contenttype"}}, {"model": "auth.permission", "pk": 16, "fields": {"name": "Can view content type", "content_type": 4, "codename": "view_contenttype"}}, {"model": "auth.permission", "pk": 17, "fields": {"name": "Can add session", "content_type": 5, "codename": "add_session"}}, {"model": "auth.permission", "pk": 18, "fields": {"name": "Can change session", "content_type": 5, "codename": "change_session"}}, {"model": "auth.permission", "pk": 19, "fields": {"name": "Can delete session", "content_type": 5, "codename": "delete_session"}}, {"model": "auth.permission", "pk": 20, "fields": {"name": "Can view session", "content_type": 5, "codename": "view_session"}}, {"model": "auth.permission", "pk": 21, "fields": {"name": "Can add user", "content_type": 6, "codename": "add_customuser"}}, {"model": "auth.permission", "pk": 22, "fields": {"name": "Can change user", "content_type": 6, "codename": "change_customuser"}}, {"model": "auth.permission", "pk": 23, "fields": {"name": "Can delete user", "content_type": 6, "codename": "delete_customuser"}}, {"model": "auth.permission", "pk": 24, "fields": {"name": "Can view user", "content_type": 6, "codename": "view_customuser"}}, {"model": "auth.permission", "pk": 25, "fields": {"name": "Can add post", "content_type": 7, "codename": "add_post"}}, {"model": "auth.permission", "pk": 26, "fields": {"name": "Can change post", "content_type": 7, "codename": "change_post"}}, {"model": "auth.permission", "pk": 27, "fields": {"name": "Can delete post", "content_type": 7, "codename": "delete_post"}}, {"model": "auth.permission", "pk": 28, "fields": {"name": "Can view post", "content_type": 7, "codename": "view_post"}}, {"model": "auth.permission", "pk": 29, "fields": {"name": "Can add likes", "content_type": 8, "codename": "add_likes"}}, {"model": "auth.permission", "pk": 30, "fields": {"name": "Can change likes", "content_type": 8, "codename": "change_likes"}}, {"model": "auth.permission", "pk": 31, "fields": {"name": "Can delete likes", "content_type": 8, "codename": "delete_likes"}}, {"model": "auth.permission", "pk": 32, "fields": {"name": "Can view likes", "content_type": 8, "codename": "view_likes"}}, {"model": "auth.permission", "pk": 33, "fields": {"name": "Can add friends", "content_type": 9, "codename": "add_friends"}}, {"model": "auth.permission", "pk": 34, "fields": {"name": "Can change friends", "content_type": 9, "codename": "change_friends"}}, {"model": "auth.permission", "pk": 35, "fields": {"name": "Can delete friends", "content_type": 9, "codename": "delete_friends"}}, {"model": "auth.permission", "pk": 36, "fields": {"name": "Can view friends", "content_type": 9, "codename": "view_friends"}}, {"model": "auth.permission", "pk": 37, "fields": {"name": "Can add comments", "content_type": 10, "codename": "add_comments"}}, {"model": "auth.permission", "pk": 38, "fields": {"name": "Can change comments", "content_type": 10, "codename": "change_comments"}}, {"model": "auth.permission", "pk": 39, "fields": {"name": "Can delete comments", "content_type": 10, "codename": "delete_comments"}}, {"model": "auth.permission", "pk": 40, "fields": {"name": "Can view comments", "content_type": 10, "codename": "view_comments"}}, {"model": "contenttypes.contenttype", "pk": 1, "fields": {"app_label": "admin", "model": "logentry"}}, {"model": "contenttypes.contenttype", "pk": 2, "fields": {"app_label": "auth", "model": "permission"}}, {"model": "contenttypes.contenttype", "pk": 3, "fields": {"app_label": "auth", "model": "group"}}, {"model": "contenttypes.contenttype", "pk": 4, "fields": {"app_label": "contenttypes", "model": "contenttype"}}, {"model": "contenttypes.contenttype", "pk": 5, "fields": {"app_label": "sessions", "model": "session"}}, {"model": "contenttypes.contenttype", "pk": 6, "fields": {"app_label": "api", "model": "customuser"}}, {"model": "contenttypes.contenttype", "pk": 7, "fields": {"app_label": "api", "model": "post"}}, {"model": "contenttypes.contenttype", "pk": 8, "fields": {"app_label": "api", "model": "likes"}}, {"model": "contenttypes.contenttype", "pk": 9, "fields": {"app_label": "api", "model": "friends"}}, {"model": "contenttypes.contenttype", "pk": 10, "fields": {"app_label": "api", "model": "comments"}}, {"model": "sessions.session", "pk": "92zcsoduupwqt0yp50kz3xnlpxuu2reg", "fields": {"session_data": ".eJxVjEEOwiAQRe_C2hChU6Au3XsGMgyDVA0kpV0Z7y5NutDtf-_9t_C4rdlvjRc_R3ERSpx-t4D05LKD-MByr5JqWZc5yF2RB23yViO_rof7d5Cx5V6DsU4RQyJwjhTEwJbBxCnqAYBUmkiNzvA4oMWgTfcoJWZ91qkTIz5f7cM4cA:1up8Md:4i7scxB93li2VD5gQvTWKYW73wAjw7_qDOvdPy5wNaM", "expire_date": "2025-09-04T16:42:11.649Z"}}, {"model": "sessions.session", "pk": "gx5485sa944vumbu03z5t7klqh4gmiol", "fields": {"session_data": ".eJxVjEEOwiAQRe_C2hChU6Au3XsGMgyDVA0kpV0Z7y5NutDtf-_9t_C4rdlvjRc_R3ERSpx-t4D05LKD-MByr5JqWZc5yF2RB23yViO_rof7d5Cx5V6DsU4RQyJwjhTEwJbBxCnqAYBUmkiNzvA4oMWgTfcoJWZ91qkTIz5f7cM4cA:1uoHL9:C-r8y7uSylCvsIfj_c1w3qzncGlFw5vbme43VK1BDWo", "expire_date": "2025-09-02T08:05:07.668Z"}}, {"model": "sessions.session", "pk": "ruglb3l41pmeb5gjxuvi16pujq93jkig", "fields": {"session_data": ".eJxVjEEOwiAQRe_C2hChU6Au3XsGMgyDVA0kpV0Z7y5NutDtf-_9t_C4rdlvjRc_R3ERSpx-t4D05LKD-MByr5JqWZc5yF2RB23yViO_rof7d5Cx5V6DsU4RQyJwjhTEwJbBxCnqAYBUmkiNzvA4oMWgTfcoJWZ91qkTIz5f7cM4cA:1uoyDZ:mRAe8tMy6TqWVdm-3s-co9jSpXUfMMRe-z39bJNvO4o", "expire_date": "2025-09-04T05:52:09.887Z"}}, {"model": "api.customuser", "pk": 1, "fields": {"password": "pbkdf2_sha256$1000000$zsZNw7sgXb0JSdnzmLC6AN$UlN1/47vBpzLE9E9QQZ7VVvkfTFQG/Z7meTu14maf2E=", "last_login": "2025-08-21T16:42:11.646Z", "is_superuser": true, "username": "manoj", "first_name": "", "last_name": "", "email": "mk@gmail.com", "is_staff": true, "is_active": true, "date_joined": "2025-08-19T08:04:24.934Z", "profile_photo": "", "bio": "", "groups": [], "user_permissions": []}}, {"model": "api.customuser", "pk": 12, "fields": {"password": "pbkdf2_sha256$1000000$MM4lbcKKEn1g4nfdY3ft3b$LsqEADipHclln/H4SqE5C8VUquCpvbfPupRSxA7Z7gY=", "last_login": null, "is_superuser": false, "username": "Williams", "first_name": "", "last_name": "", "email": "Williams@gmail.com", "is_staff": false, "is_active": true, "date_joined": "2025-08-27T05:26:56.336Z", "profile_photo": "https://res.cloudinary.com/dapiakf5e/image/upload/v1756274738/profile/egnrjnw9q0qd2m8dhpdn.jpg", "bio": "Born Introvert", "groups": [], "user_permissions": []}}, {"model": "api.customuser", "pk": 13, "fields": {"password": "pbkdf2_sha256$1000000$bGwaDhKEmRvSdlVZP5ATPN$EcRQ8vZzCyXs/3bp6HFiWOQg05GbyZCJxKY9R8jToKQ=", "last_login": null, "is_superuser": false, "username": "Shiva", "first_name": "", "last_name": "", "email": "Shiva@gmai.com", "is_staff": false, "is_active": true, "date_joined": "2025-08-27T05:50:57.806Z", "profile_photo": "https://res.cloudinary.com/dapiakf5e/image/upload/v1756273856/profile/y8swfvtauh1x1kuo9pcl.jpg", "bio": "Belive In God", "groups": [], "user_permissions": []}}, {"model": "api.customuser", "pk": 14, "fields": {"password": "pbkdf2_sha256$1000000$po8dkg58irLdiEifHjS5gy$FYo+E1/zkHvih4UoP4FP2Fh93R8oyAjlL/fU3iz4+Ak=", "last_login": null, "is_superuser": false, "username": "Manoj", "first_name": "", "last_name": "", "email": "mk@gmai.com", "is_staff": false, "is_active": true, "date_joined": "2025-08-27T06:07:07.852Z", "profile_photo": "https://res.cloudinary.com/dapiakf5e/image/upload/v1756274827/profile/q2ns6hgecntj8lblfy28.jpg", "bio": "Belive In God and do your Work.", "groups": [], "user_permissions": []}}, {"model": "api.customuser", "pk": 15, "fields": {"password": "pbkdf2_sha256$1000000$UqZRAqQpS9QqKsyldUDau0$4W1lxlIxN0UCfKIohztqMYzZmKBetSs5UCDXjuoGlUk=", "last_login": null, "is_superuser": false, "username": "Andrew", "first_name": "", "last_name": "", "email": "andrew@gmail.com", "is_staff": false, "is_active": true, "date_joined": "2025-08-27T06:12:11.999Z", "profile_photo": "", "bio": "", "groups": [], "user_permissions": []}}, {"model": "api.customuser", "pk": 17, "fields": {"password": "pbkdf2_sha256$1000000$A14cqVlUmEFlejMgYkDxSd$5s8C3TNFLaz97OjVQ+lylzPYSKZw62+ijBt3yI2i+d0=", "last_login": null, "is_superuser": false, "username": "Samantha", "first_name": "", "last_name": "", "email": "sam@gmail.com", "is_staff": false, "is_active": true, "date_joined": "2025-08-27T06:24:44.008Z", "profile_photo": "https://res.cloudinary.com/dapiakf5e/image/upload/v1756276140/profile/daagpseeth2ypfyslslw.jpg", "bio": "Actress", "groups": [], "user_permissions": []}}, {"model": "api.customuser", "pk": 18, "fields": {"password": "pbkdf2_sha256$1000000$dwWNa53upS37Lt44erS2kU$S1woVb5IqVQ3GjPqfW3gIhH9TvSNTL3qPTfDHBqnM3o=", "last_login": null, "is_superuser": false, "username": "Ramu_P", "first_name": "", "last_name": "", "email": "Ram@gmail.com", "is_staff": false, "is_active": true, "date_joined": "2025-08-27T06:42:33.214Z", "profile_photo": "", "bio": "", "groups": [], "user_permissions": []}}, {"model": "api.post", "pk": 8, "fields": {"caption": "Sunset vibes 🌅", "image": "https://res.cloudinary.com/dapiakf5e/image/upload/v1756274473/posts/guhtkt6rdfzsrjgcaxhq.jpg", "text": "Watched the sun melt into the horizon today. The sky turned shades of orange, pink, and purple, reminding me how beautiful endings can be. Sometimes we just need to pause, breathe, and appreciate simple moments like these.", "author": 13, "created_at": "2025-08-27T06:01:13.745Z"}}, {"model": "api.post", "pk": 9, "fields": {"caption": "Coffee first ☕", "image": "https://res.cloudinary.com/dapiakf5e/image/upload/v1756274637/posts/z5hr063mudh1cvp4kuk5.jpg", "text": "There’s something magical about starting the day with a hot cup of coffee.", "author": 12, "created_at": "2025-08-27T06:03:58.302Z"}}, {"model": "api.post", "pk": 10, "fields": {"caption": "Work in progress 💻", "image": "https://res.cloudinary.com/dapiakf5e/image/upload/v1756275035/posts/x7du29dzokgc6sqnwihv.jpg", "text": "Coding all night long isn’t easy, but the sense of achievement when things finally work makes it worthwhile. Debugging feels frustrating at times, yet every solved error is a little victory.", "author": 14, "created_at": "2025-08-27T06:10:35.938Z"}}, {"model": "api.post", "pk": 11, "fields": {"caption": "Weekend getaway 🚗", "image": "https://res.cloudinary.com/dapiakf5e/image/upload/v1756275252/posts/mfjymyg9vjixspbex5g7.jpg", "text": "Escaped the city chaos for a quick road trip. Fresh air, empty roads, and endless fields were a refreshing change. Traveling doesn’t always mean going far—it’s about experiencing something new.", "author": 15, "created_at": "2025-08-27T06:14:13.547Z"}}, {"model": "api.post", "pk": 12, "fields": {"caption": "Just Enjoy", "image": "https://res.cloudinary.com/dapiakf5e/image/upload/v1756276235/posts/scsit7rzuledbps4fzmr.jpg", "text": "..............", "author": 17, "created_at": "2025-08-27T06:30:36.095Z"}}, {"model": "api.post", "pk": 13, "fields": {"caption": "YUMMY!!!!!", "image": "https://res.cloudinary.com/dapiakf5e/image/upload/v1756277058/posts/nwyimprexrrjguie2oln.jpg", "text": "Ordered pizza tonight, and honestly, nothing beats the comfort of cheesy, warm food after a long day. Food isn’t just about taste—it’s about the happiness it brings.", "author": 18, "created_at": "2025-08-27T06:44:19.079Z"}}, {"model": "api.likes", "pk": 73, "fields": {"post": 8, "user": 13}}, {"model": "api.likes", "pk": 74, "fields": {"post": 9, "user": 12}}, {"model": "api.likes", "pk": 75, "fields": {"post": 8, "user": 12}}, {"model": "api.likes", "pk": 76, "fields": {"post": 8, "user": 14}}, {"model": "api.likes", "pk": 77, "fields": {"post": 9, "user": 14}}, {"model": "api.likes", "pk": 78, "fields": {"post": 10, "user": 14}}, {"model": "api.likes", "pk": 79, "fields": {"post": 10, "user": 15}}, {"model": "api.likes", "pk": 80, "fields": {"post": 11, "user": 15}}, {"model": "api.likes", "pk": 81, "fields": {"post": 8, "user": 15}}, {"model": "api.likes", "pk": 82, "fields": {"post": 9, "user": 15}}, {"model": "api.likes", "pk": 83, "fields": {"post": 12, "user": 17}}, {"model": "api.likes", "pk": 84, "fields": {"post": 10, "user": 17}}, {"model": "api.likes", "pk": 85, "fields": {"post": 9, "user": 17}}, {"model": "api.likes", "pk": 86, "fields": {"post": 8, "user": 17}}, {"model": "api.likes", "pk": 87, "fields": {"post": 11, "user": 17}}, {"model": "api.likes", "pk": 88, "fields": {"post": 13, "user": 18}}, {"model": "api.likes", "pk": 89, "fields": {"post": 12, "user": 18}}, {"model": "api.likes", "pk": 90, "fields": {"post": 11, "user": 18}}, {"model": "api.likes", "pk": 91, "fields": {"post": 10, "user": 18}}, {"model": "api.likes", "pk": 92, "fields": {"post": 9, "user": 18}}, {"model": "api.likes", "pk": 93, "fields": {"post": 12, "user": 14}}, {"model": "api.likes", "pk": 94, "fields": {"post": 11, "user": 14}}, {"model": "api.likes", "pk": 96, "fields": {"post": 13, "user": 14}}, {"model": "api.friends", "pk": 51, "fields": {"follower": 12, "followed": 1}}, {"model": "api.friends", "pk": 52, "fields": {"follower": 13, "followed": 12}}, {"model": "api.friends", "pk": 53, "fields": {"follower": 12, "followed": 13}}, {"model": "api.friends", "pk": 54, "fields": {"follower": 14, "followed": 12}}, {"model": "api.friends", "pk": 55, "fields": {"follower": 15, "followed": 12}}, {"model": "api.friends", "pk": 56, "fields": {"follower": 15, "followed": 14}}, {"model": "api.friends", "pk": 57, "fields": {"follower": 15, "followed": 13}}, {"model": "api.friends", "pk": 58, "fields": {"follower": 17, "followed": 14}}, {"model": "api.friends", "pk": 59, "fields": {"follower": 18, "followed": 17}}, {"model": "api.friends", "pk": 60, "fields": {"follower": 18, "followed": 15}}, {"model": "api.friends", "pk": 62, "fields": {"follower": 18, "followed": 14}}, {"model": "api.friends", "pk": 63, "fields": {"follower": 14, "followed": 17}}, {"model": "api.friends", "pk": 64, "fields": {"follower": 14, "followed": 13}}, {"model": "api.comments", "pk": 9, "fields": {"post": 8, "user": 12, "text": "Superb...."}}, {"model": "api.comments", "pk": 10, "fields": {"post": 9, "user": 14, "text": "Yeah i too love coffee"}}, {"model": "api.comments", "pk": 11, "fields": {"post": 9, "user": 15, "text": "Great"}}, {"model": "api.comments", "pk": 12, "fields": {"post": 10, "user": 17, "text": "Great Manoj"}}, {"model": "api.comments", "pk": 13, "fields": {"post": 11, "user": 18, "text": "Nice"}}, {"model": "api.comments", "pk": 14, "fields": {"post": 12, "user": 14, "text": "Cute"}}, {"model": "api.comments", "pk": 15, "fields": {"post": 13, "user": 14, "text": "Yummy"}}]